Image,Mask
ONB_aze_18950706_2.jpg,Mask_ONB_aze_18950706_2.jpg
ONB_aze_18950706_4.jpg,Mask_ONB_aze_18950706_4.jpg
ONB_aze_19110701_004.jpg,Mask_ONB_aze_19110701_004.jpg
ONB_aze_19110701_005.jpg,Mask_ONB_aze_19110701_005.jpg
ONB_aze_19110701_007.jpg,Mask_ONB_aze_19110701_007.jpg
ONB_aze_19330701_page10_image1.jpg,Mask_ONB_aze_19330701_page10_image1.jpg
ONB_aze_19330701_page10_image2.jpg,Mask_ONB_aze_19330701_page10_image2.jpg
ONB_ibn_18640702_001.jpg,Mask_ONB_ibn_18640702_001.jpg
ONB_ibn_18640702_003.jpg,Mask_ONB_ibn_18640702_003.jpg
ONB_ibn_18640702_004.jpg,Mask_ONB_ibn_18640702_004.jpg
ONB_ibn_18640702_005.jpg,Mask_ONB_ibn_18640702_005.jpg
ONB_ibn_18640702_006.jpg,Mask_ONB_ibn_18640702_006.jpg
ONB_ibn_18640702_007.jpg,Mask_ONB_ibn_18640702_007.jpg
ONB_ibn_19110701_002.jpg,Mask_ONB_ibn_19110701_002.jpg
ONB_ibn_19110701_003.jpg,Mask_ONB_ibn_19110701_003.jpg
ONB_ibn_19110701_005.jpg,Mask_ONB_ibn_19110701_005.jpg
ONB_ibn_19110701_006.jpg,Mask_ONB_ibn_19110701_006.jpg
ONB_ibn_19110701_007.jpg,Mask_ONB_ibn_19110701_007.jpg
ONB_ibn_19110701_009.jpg,Mask_ONB_ibn_19110701_009.jpg
ONB_ibn_19330701_008.jpg,Mask_ONB_ibn_19330701_008.jpg
ONB_ibn_19330701_009.jpg,Mask_ONB_ibn_19330701_009.jpg
ONB_krz_19110701_006.jpg,Mask_ONB_krz_19110701_006.jpg
ONB_krz_19110701_011.jpg,Mask_ONB_krz_19110701_011.jpg
ONB_krz_19110701_012.jpg,Mask_ONB_krz_19110701_012.jpg
ONB_krz_19330701_008.jpg,Mask_ONB_krz_19330701_008.jpg
ONB_krz_19330701_010.jpg,Mask_ONB_krz_19330701_010.jpg
ONB_nfp_18730705_001.jpg,Mask_ONB_nfp_18730705_001.jpg
ONB_nfp_18730705_002.jpg,Mask_ONB_nfp_18730705_002.jpg
ONB_nfp_18730705_003.jpg,Mask_ONB_nfp_18730705_003.jpg
ONB_nfp_18730705_007.jpg,Mask_ONB_nfp_18730705_007.jpg
ONB_nfp_19110701_002.jpg,Mask_ONB_nfp_19110701_002.jpg
ONB_nfp_19110701_003.jpg,Mask_ONB_nfp_19110701_003.jpg
ONB_nfp_19110701_005.jpg,Mask_ONB_nfp_19110701_005.jpg
ONB_nfp_19110701_006.jpg,Mask_ONB_nfp_19110701_006.jpg
ONB_nfp_19110701_008.jpg,Mask_ONB_nfp_19110701_008.jpg
ONB_nfp_19110701_012.jpg,Mask_ONB_nfp_19110701_012.jpg
ONB_nfp_19110701_013.jpg,Mask_ONB_nfp_19110701_013.jpg
ONB_nfp_19110701_014.jpg,Mask_ONB_nfp_19110701_014.jpg
ONB_nfp_19110701_015.jpg,Mask_ONB_nfp_19110701_015.jpg
ONB_nfp_19330701_012.jpg,Mask_ONB_nfp_19330701_012.jpg
